,first_name,email,password,role
1,Bondon Stowers,bstowers0@nsw.gov.au,hL7TT0QCg,buyer
2,Sheffy Saipy,ssaipy1@comsenz.com,Eri7ZTu,buyer
4,Sanders Guislin,sguislin3@fema.gov,EzxTRmH09d,buyer
5,Rochester Clarage,rclarage4@globo.com,QXoi0Yrse,buyer
7,Kerrin Spinke,kspinke6@facebook.com,uyN6Pv,buyer
9,Minne Bettley,mbettley8@wisc.edu,Jv9QiNIyzc,buyer
10,Ab Dinzey,adinzey9@exblog.jp,V0dXnjWJ,buyer
12,Adriane Blois,abloisb@cnn.com,hO7DmIvwn1bn,buyer
13,Fredra Bointon,fbointonc@vkontakte.ru,PwLDClFfZav,buyer
14,Nonah Harlin,nharlind@aboutads.info,MrbiMZgD3uu9,buyer
15,Cirstoforo Bertelmot,cbertelmote@jimdo.com,A0x9nTMld7,buyer
16,Willdon Farries,wfarriesf@amazon.com,b31gKX,buyer
17,Monroe Liddiatt,mliddiattg@wix.com,uyyW2CAPh57l,buyer
19,Tamarra Flay,tflayi@chicagotribune.com,jUxJTeH6,buyer
20,Dave Tofanini,dtofaninij@fda.gov,SwERPbzuE,buyer
