name,email,password,role
Bondon Stowers,bstowers0@nsw.gov.au,hL7TT0QCg,buyer
Sheffy Saipy,ssaipy1@comsenz.com,Eri7ZTu,buyer
Lynda Snowden,lsnowden2@addthis.com,t7rsrE,vendor
Sanders Guislin,sguislin3@fema.gov,EzxTRmH09d,buyer
Rochester Clarage,rclarage4@globo.com,QXoi0Yrse,buyer
Alexis Carmo,acarmo5@exblog.jp,MxGTYNDT6,vendor
Kerrin Spinke,kspinke6@facebook.com,uyN6Pv,buyer
Felicdad Fardon,ffardon7@springer.com,MovNko8,vendor
Minne Bettley,mbettley8@wisc.edu,Jv9QiNIyzc,buyer
Ab Dinzey,adinzey9@exblog.jp,V0dXnjWJ,buyer
Scotty Staden,sstadena@hatena.ne.jp,JrXVx5AMYy6,vendor
Adriane Blois,abloisb@cnn.com,hO7DmIvwn1bn,buyer
Fredra Bointon,fbointonc@vkontakte.ru,PwLDClFfZav,buyer
Nonah Harlin,nharlind@aboutads.info,MrbiMZgD3uu9,buyer
Cirstoforo Bertelmot,cbertelmote@jimdo.com,A0x9nTMld7,buyer
Willdon Farries,wfarriesf@amazon.com,b31gKX,buyer
Monroe Liddiatt,mliddiattg@wix.com,uyyW2CAPh57l,buyer
Vaughn Perell,vperellh@businesswire.com,7PYsDSeLyBm,vendor
Tamarra Flay,tflayi@chicagotribune.com,jUxJTeH6,buyer
Dave Tofanini,dtofaninij@fda.gov,SwERPbzuE,buyer
